id,email,first_name,last_name
1,bohjuka@uteha.ad,Jonathan,Barker
2,duceh@poosa.gm,Leo,Clark
3,hem@jegetiv.ai,Donald,Grant
4,fobtejo@rucceb.vc,Bryan,Banks
5,ca@ojilu.eh,Mike,Jenkins
6,beptev@wima.fk,Steven,Henderson
7,fubjisba@zem.pl,Richard,Mills
8,fe@va.co,Martin,Ruiz
9,iwa@dazbupalo.mc,Leon,Myers
10,dokmijkow@hog.cc,Jose,Fowler
11,rasef@wuoboz.ec,Jonathan,Ramos
12,meczed@mu.de,Addie,Green
13,pojpisop@hugofo.dj,Gerald,Turner
14,napunubis@voela.cn,Todd,Gibbs
15,woap@cupehe.eh,Estella,Burgess
16,roforci@legpobu.cu,Jeremiah,Caldwell
17,hifta@wu.km,Katharine,McDaniel
18,ehecekco@hikfopip.io,Leonard,Guerrero
19,me@ovpaj.sz,Hallie,Hunt
20,uwgic@erhavmes.bq,Howard,Bell
21,kej@vizi.ke,Georgia,Moss
22,nacan@wi.mt,Antonio,Powers
23,useammus@be.ls,Dominic,Campbell
24,zicuca@ijfovke.ky,Jeffrey,Mitchell
25,zubnonwu@obdoaso.hm,Polly,Blake
26,ala@fewi.kh,Brett,Bush
27,ko@nit.tk,Angel,Alvarez
28,etaub@sipagju.ng,Bertha,Norman
29,tu@benemlom.cn,Charlotte,Hernandez
30,gid@rezgu.au,Jay,Rice
31,anebefa@ta.sy,Rebecca,Francis
32,owpib@bo.gd,Lee,Curtis
33,fueb@jodum.kh,Linnie,Long
34,jupidato@lahup.eh,Samuel,Matthews
35,ilzec@idedga.ug,Lida,McGee
36,lekiv@dis.lu,Iva,Barnes
37,tahu@elfovref.bf,Eula,Newton
38,fi@ri.fm,Adrian,Smith
39,tupkiac@azuritu.om,Dorothy,Cohen
40,siwisen@efi.sh,Francisco,Lawrence
41,weg@lo.pg,Matilda,Kelly
42,mo@tini.at,Adele,Benson
43,mupfofpe@gozokuv.sn,Eddie,Moody
44,copuomo@adritu.ac,Catherine,Young
45,li@vop.mh,Sylvia,Underwood
46,sob@jefalu.sh,Carl,Adams
47,ve@ced.net,Benjamin,Maldonado
48,kahja@helo.lr,Edith,Copeland
49,kaniha@ticalzu.tn,Viola,Gardner
50,ovvu@luhta.bs,Mason,Reid
51,no@ebe.ir,Vera,Gibson
52,lipokot@zehnivcu.cr,Virginia,Miller
53,ticlumo@ler.li,Christopher,Walsh
54,ani@sewve.vc,Mario,Johnson
55,sidguj@purigfi.ve,Elva,Frank
56,fetci@bot.ps,Bobby,Guerrero
57,siic@owasamu.am,Cornelia,Reeves
58,if@celev.mn,Elijah,Buchanan
59,fen@rugu.mz,Betty,Parker
60,hemijwaf@kuri.com,Christine,Vega
61,epa@ponun.gr,Wesley,Estrada
62,hizi@kanode.bw,Bernice,Cox
63,ol@aso.np,Iva,Chapman
64,teb@zurudne.lv,David,Cunningham
65,geodinu@medwev.bg,Sally,Munoz
66,zipove@jujcuvi.mn,Ethel,Oliver
67,tivgoc@ume.do,Shane,Carr
68,tufun@sedaz.bv,Michael,Holt
69,mudofe@pohajso.gl,Annie,Reed
70,recumitow@an.jm,Essie,Miles
71,sasmav@vecada.co,Landon,Colon
72,ofevotu@bohef.uk,Edith,Lopez
73,jutonim@uv.jm,Jacob,Sanders
74,lu@ak.ac,Loretta,Rhodes
75,gowaptu@ul.ss,Miguel,Gregory
76,hejire@futnab.it,Mable,Warren
77,zujda@ametob.ca,Dollie,Green
78,pu@juvpoged.mc,Eleanor,Edwards
79,uroifu@bes.pr,Marc,Knight
80,levigdec@dasaltuw.cf,Kevin,Smith
81,aroigemuf@obaemumo.tm,Rosetta,Ward
82,rok@wa.pe,Edgar,Scott
83,povpi@zuli.co,Nina,Floyd
84,uw@rotola.fj,Joshua,Graham
85,lin@paoda.no,Leonard,Stevens
86,fobigvu@gonu.gw,Birdie,Smith
87,ralazkin@uru.lk,Nora,Santos
88,pidweb@bel.me,Carolyn,Gonzalez
89,pokige@fu.pn,Edna,Richards
90,wi@po.sx,Bryan,Nash
91,acuidca@fitmen.kw,Marguerite,Todd
92,uru@budka.vu,Seth,Shelton
93,vediz@gos.er,Lula,Sherman
94,jomunukiw@kouw.am,Gabriel,Hart
95,mojril@tatguw.gov,Alan,Schneider
96,na@or.sm,Josephine,Morales
97,hohiho@kiktej.fo,Sam,Rowe
98,im@nowe.ai,Jackson,Holloway
99,wu@ni.ly,Barbara,Thornton
100,famuzi@ko.cy,Sophia,Sutton
